"V1","V2"
"V1","V17"
"V2","V7"
"V2","V16"
"V2","V17"
"V2","V22"
"V2","V26"
"V2","V29"
"V3","V18"
"V3","V25"
"V3","V28"
"V4","V12"
"V4","V17"
"V4","V19"
"V4","V20"
"V4","V22"
"V4","V26"
"V4","V28"
"V4","V29"
"V4","V31"
"V5","V18"
"V5","V24"
"V5","V28"
"V5","V31"
"V5","V32"
"V5","V33"
"V6","V24"
"V6","V28"
"V6","V30"
"V6","V31"
"V6","V32"
"V7","V18"
"V9","V12"
"V9","V16"
"V9","V29"
"V10","V24"
"V10","V26"
"V10","V29"
"V10","V31"
"V10","V34"
"V11","V17"
"V12","V15"
"V12","V16"
"V12","V17"
"V12","V19"
"V12","V26"
"V12","V29"
"V12","V34"
"V13","V31"
"V13","V33"
"V14","V16"
"V14","V17"
"V14","V25"
"V14","V28"
"V14","V30"
"V14","V32"
"V15","V16"
"V15","V19"
"V15","V20"
"V15","V22"
"V15","V24"
"V15","V26"
"V15","V29"
"V15","V32"
"V15","V35"
"V15","V36"
"V16","V17"
"V16","V22"
"V16","V26"
"V16","V27"
"V16","V29"
"V16","V32"
"V16","V34"
"V16","V36"
"V17","V19"
"V17","V22"
"V17","V24"
"V17","V25"
"V17","V26"
"V17","V28"
"V17","V29"
"V17","V34"
"V18","V28"
"V18","V31"
"V18","V32"
"V18","V33"
"V18","V35"
"V19","V22"
"V19","V24"
"V19","V26"
"V19","V28"
"V19","V34"
"V19","V35"
"V20","V22"
"V20","V26"
"V21","V27"
"V22","V31"
"V22","V32"
"V24","V26"
"V24","V31"
"V24","V36"
"V25","V28"
"V25","V35"
"V26","V27"
"V26","V32"
"V28","V30"
"V28","V31"
"V28","V32"
"V28","V35"
"V29","V34"
"V30","V31"
"V31","V32"
"V31","V33"
"V31","V35"
"V32","V33"
"V32","V35"
